src/000_server/001_init/authorize_app.gs	authorizeApp	
src/000_server/010_core/api_access.gs	resolveApiAccess_	
src/000_server/010_core/api_access.gs	throwApiAccessConfigError_	
src/000_server/010_core/api_handler.gs	apiHandler_	
src/000_server/010_core/response.gs	toClientResponse_	
src/000_server/010_core/response.gs	okResponse_	
src/000_server/010_core/response.gs	failResponse_	
src/000_server/010_core/sheet_crud.gs	sheetFindAll_	
src/000_server/010_core/sheet_crud.gs	sheetFindById_	
src/000_server/010_core/sheet_crud.gs	sheetInsert_	
src/000_server/010_core/sheet_crud.gs	sheetUpdateById_	
src/000_server/010_core/sheet_crud.gs	getSheetCrudTableSchema_	
src/000_server/010_core/sheet_crud.gs	openSheetCrudSpreadsheet_	
src/000_server/010_core/sheet_crud.gs	requireSheetCrudTableSheet_	
src/000_server/010_core/sheet_crud.gs	readSheetCrudHeaderValues_	
src/000_server/010_core/sheet_crud.gs	sheetCrudRowsToItems_	
src/000_server/010_core/sheet_crud.gs	sheetCrudApplyChangesToRow_	
src/000_server/010_core/sheet_crud.gs	withSheetCrudWriteLock_	
src/000_server/010_core/sheets.gs	openUserSpreadsheet_	
src/000_server/010_core/sheets.gs	openOperationSpreadsheet_	
src/000_server/010_core/sheets.gs	readTableRows_	
src/000_server/010_core/sheets.gs	requireOperationTableSheet_	
src/000_server/010_core/sheets.gs	readOperationTableRows_	
src/000_server/010_core/sheets.gs	readOperationTableClientRows_	
src/000_server/010_core/sheets.gs	findOperationTableRowById_	
src/000_server/010_core/sheets.gs	withoutInternalRowNumber_	
src/000_server/010_core/sheets.gs	appendOperationTableRow_	
src/000_server/010_core/sheets.gs	updateOperationTableRow_	
src/000_server/010_core/sheets.gs	updateOperationTableRowByNumber_	
src/000_server/010_core/sheets.gs	withOperationWriteLock_	
src/000_server/010_core/sheets.gs	normalizeEmail_	
src/000_server/010_core/sheets.gs	normalizeTextValue_	
src/000_server/010_core/sheets.gs	isTruthyValue_	
src/000_server/010_core/sheets.gs	isActiveStatus_	
src/000_server/010_core/sheets.gs	formatDateValue_	
src/000_server/010_core/sheets.gs	formatDateTimeValue_	
src/000_server/010_core/sheets.gs	toClientCellValue_	
src/000_server/010_core/sheets.gs	getCurrentIsoDateTime_	
src/000_server/020_schema/operation_db_integrity.gs	api_checkOperationDbIntegrity	
src/000_server/020_schema/operation_db_integrity.gs	checkOperationDbIntegrity_	
src/000_server/020_schema/operation_db_integrity.gs	readOperationDbIntegrityTables_	
src/000_server/020_schema/operation_db_integrity.gs	validateOperationDbHeaders_	
src/000_server/020_schema/operation_db_integrity.gs	validateOperationDbPrimaryKeys_	
src/000_server/020_schema/operation_db_integrity.gs	validateOperationDbForeignKeys_	
src/000_server/020_schema/operation_db_integrity.gs	validateOperationDbBusinessKeys_	
src/000_server/020_schema/operation_db_integrity.gs	getOperationDbReference_	
src/000_server/020_schema/operation_db_integrity.gs	resolveOperationDbFieldColumns_	
src/000_server/020_schema/operation_db_integrity.gs	resolveOperationDbFieldColumn_	
src/000_server/020_schema/operation_db_schema.gs	getOperationDbSchema_	
src/000_server/020_schema/operation_db_schema.gs	getOperationDbTableSchema_	
src/000_server/020_schema/operation_db_schema.gs	getOperationDbFields_	
src/000_server/020_schema/user_db_integrity.gs	api_checkUserDbIntegrity	
src/000_server/020_schema/user_db_integrity.gs	checkUserDbIntegrity_	
src/000_server/020_schema/user_db_integrity.gs	checkLoginUserDbIntegrity_	
src/000_server/020_schema/user_db_integrity.gs	validateLoginUserRoleReferences_	
src/000_server/020_schema/user_db_integrity.gs	validateLoginRolePermissionReferences_	
src/000_server/020_schema/user_db_integrity.gs	readUserDbIntegrityTables_	
src/000_server/020_schema/user_db_integrity.gs	readUserDbIntegrityTableRows_	
src/000_server/020_schema/user_db_integrity.gs	validateUserDbPrimaryKeys_	
src/000_server/020_schema/user_db_integrity.gs	validateUserDbForeignKeys_	
src/000_server/020_schema/user_db_integrity.gs	resolveUserDbFieldColumns_	
src/000_server/020_schema/user_db_integrity.gs	resolveUserDbFieldColumn_	
src/000_server/020_schema/user_db_integrity.gs	validateRequiredValues_	
src/000_server/020_schema/user_db_integrity.gs	validateDuplicateKeys_	
src/000_server/020_schema/user_db_integrity.gs	validateForeignKeys_	
src/000_server/020_schema/user_db_integrity.gs	buildIntegrityIndex_	
src/000_server/020_schema/user_db_integrity.gs	buildIntegrityKey_	
src/000_server/020_schema/user_db_integrity.gs	normalizeIntegrityValue_	
src/000_server/020_schema/user_db_integrity.gs	createIntegrityIssue_	
src/000_server/020_schema/user_db_schema.gs	getUserDbSchema_	
src/000_server/020_schema/user_db_schema.gs	getUserDbTableSchema_	
src/000_server/020_schema/user_db_schema.gs	getUserDbFields_	
src/000_server/030_auth/auth_api.gs	api_checkLogin	
src/000_server/030_auth/auth_api.gs	api_getCurrentUser	
src/000_server/030_auth/auth_api.gs	api_getMyPermissions	
src/000_server/030_auth/auth_cache.gs	getCachedLoginContext_	
src/000_server/030_auth/auth_cache.gs	cacheLoginContext_	
src/000_server/030_auth/auth_cache.gs	invalidateLoginContextCache_	
src/000_server/030_auth/auth_cache.gs	buildLoginContextCacheKey_	
src/000_server/030_auth/auth_context.gs	getSessionUserContext_	
src/000_server/030_auth/auth_context.gs	buildSessionUserContextFromDb_	
src/000_server/030_auth/auth_context.gs	requireLoginContext_	
src/000_server/030_auth/auth_page_access.gs	resolvePageDomain_	
src/000_server/030_auth/auth_page_access.gs	buildDomainAccess_	
src/000_server/030_auth/auth_page_access.gs	normalizeAccessToken_	
src/000_server/030_auth/auth_page_access.gs	canAccessPage_	
src/000_server/030_auth/auth_session.gs	getActiveUserEmailFromSession_	
src/000_server/040_iam/041_users/users_query_service.gs	findUserRowByEmail_	
src/000_server/040_iam/041_users/users_query_service.gs	mapUserDto_	
src/000_server/040_iam/041_users/users_sheet_dao.gs	listUserRows_	
src/000_server/040_iam/042_roles/roles_query_service.gs	buildRolesById_	
src/000_server/040_iam/042_roles/roles_query_service.gs	buildActiveRoleIdsByEmail_	
src/000_server/040_iam/042_roles/roles_query_service.gs	mapRoleDto_	
src/000_server/040_iam/042_roles/roles_query_service.gs	summarizeRoleForUser_	
src/000_server/040_iam/042_roles/roles_query_service.gs	isAdminRoleSet_	
src/000_server/040_iam/042_roles/roles_sheet_dao.gs	listRoleRows_	
src/000_server/040_iam/042_roles/user_roles_sheet_dao.gs	listUserRoleRows_	
src/000_server/040_iam/043_permissions/permissions_access_service.gs	requirePermission_	
src/000_server/040_iam/043_permissions/permissions_access_service.gs	resolveRequiredPermissionScreenId_	
src/000_server/040_iam/043_permissions/permissions_access_service.gs	resolvePermissionByAliases_	
src/000_server/040_iam/043_permissions/permissions_access_service.gs	normalizePermissionAccessToken_	
src/000_server/040_iam/043_permissions/permissions_access_service.gs	throwPermissionError_	
src/000_server/040_iam/043_permissions/permissions_query_service.gs	mapPermissionDto_	
src/000_server/040_iam/043_permissions/permissions_query_service.gs	buildPermissionsById_	
src/000_server/040_iam/043_permissions/permissions_query_service.gs	buildPermissionIdsByRoleId_	
src/000_server/040_iam/043_permissions/permissions_query_service.gs	actionToPermissionKey_	
src/000_server/040_iam/043_permissions/permissions_query_service.gs	permissionScreenId_	
src/000_server/040_iam/043_permissions/permissions_query_service.gs	buildPermissionTreeFromDb_	
src/000_server/040_iam/043_permissions/permissions_query_service.gs	buildPermissionsByRoleFromDb_	
src/000_server/040_iam/043_permissions/permissions_query_service.gs	buildUserPermissionsFromDb_	
src/000_server/040_iam/043_permissions/permissions_query_service.gs	buildEffectivePermissionDetails_	
src/000_server/040_iam/043_permissions/permissions_query_service.gs	buildMenusFromPermissions_	
src/000_server/040_iam/043_permissions/permissions_sheet_dao.gs	listPermissionRows_	
src/000_server/040_iam/043_permissions/role_permissions_sheet_dao.gs	listRolePermissionRows_	
src/000_server/040_iam/044_departments/departments_query_service.gs	mapDepartmentDto_	
src/000_server/040_iam/044_departments/departments_query_service.gs	buildDepartmentsById_	
src/000_server/040_iam/044_departments/departments_query_service.gs	getActiveDepartmentsData_	
src/000_server/040_iam/044_departments/departments_sheet_dao.gs	listDepartmentRows_	
src/000_server/050_event/050_common/event_access.gs	eventApiAccess_	
src/000_server/050_event/050_common/event_access.gs	resolveEventAccess_	
src/000_server/050_event/050_common/event_error.gs	throwEventError_	
src/000_server/050_event/050_common/event_pagination.gs	paginateEventItems_	
src/000_server/050_event/050_common/event_request.gs	parseEventRequest_	
src/000_server/050_event/050_common/event_request.gs	requireEventRequestId_	
src/000_server/050_event/050_common/event_request.gs	requireEventText_	
src/000_server/050_event/050_common/event_request.gs	normalizeEventText_	
src/000_server/050_event/050_common/event_request.gs	parseEventNumber_	
src/000_server/050_event/050_common/event_request.gs	parseEventDateText_	
src/000_server/050_event/050_common/event_request.gs	validateEventChoice_	
src/000_server/050_event/051_events/events_api.gs	api_getEventList	
src/000_server/050_event/051_events/events_api.gs	api_getEventForEdit	
src/000_server/050_event/051_events/events_api.gs	api_getEventDetail	
src/000_server/050_event/051_events/events_api.gs	api_createEvent	
src/000_server/050_event/051_events/events_api.gs	api_updateEvent	
src/000_server/050_event/051_events/events_api.gs	api_updateEventStatus	
src/000_server/050_event/051_events/events_api.gs	api_closeEvent	
src/000_server/050_event/051_events/events_query_service.gs	getEventListData_	
src/000_server/050_event/051_events/events_query_service.gs	buildUniqueEventValues_	
src/000_server/050_event/051_events/events_query_service.gs	getEventData_	
src/000_server/050_event/051_events/events_query_service.gs	buildEventFormSyncView_	
src/000_server/050_event/051_events/events_query_service.gs	getEventDetailData_	
src/000_server/050_event/051_events/events_service.gs	createEventData_	
src/000_server/050_event/051_events/events_service.gs	updateEventData_	
src/000_server/050_event/051_events/events_service.gs	updateEventStatusData_	
src/000_server/050_event/051_events/events_service.gs	updateEventClosureData_	
src/000_server/050_event/051_events/events_sheet_dao.gs	listEventRows_	
src/000_server/050_event/051_events/events_sheet_dao.gs	listEventClientRows_	
src/000_server/050_event/051_events/events_sheet_dao.gs	findEventRowById_	
src/000_server/050_event/051_events/events_sheet_dao.gs	insertEventRow_	
src/000_server/050_event/051_events/events_sheet_dao.gs	updateEventRowById_	
src/000_server/050_event/051_events/events_validator.gs	buildEventPayload_	
src/000_server/050_event/052_applicants/applicants_api.gs	api_getApplicantList	
src/000_server/050_event/052_applicants/applicants_api.gs	api_getApplicantDetail	
src/000_server/050_event/052_applicants/applicants_api.gs	api_processApplicant	
src/000_server/050_event/052_applicants/applicants_api.gs	api_syncApplicantsFromForms	
src/000_server/050_event/052_applicants/applicants_form_mapper.gs	normalizeEventFormHeader_	
src/000_server/050_event/052_applicants/applicants_form_mapper.gs	buildEventFormHeaderAliases_	
src/000_server/050_event/052_applicants/applicants_form_mapper.gs	resolveEventFormAliasField_	
src/000_server/050_event/052_applicants/applicants_form_mapper.gs	buildEventFormHeaderMap_	
src/000_server/050_event/052_applicants/applicants_form_mapper.gs	readEventFormCell_	
src/000_server/050_event/052_applicants/applicants_form_mapper.gs	normalizeEventFormApplicantType_	
src/000_server/050_event/052_applicants/applicants_form_mapper.gs	calculateEventFormAppliedFee_	
src/000_server/050_event/052_applicants/applicants_form_mapper.gs	hashEventFormResponseIdentity_	
src/000_server/050_event/052_applicants/applicants_form_mapper.gs	buildStableEventFormResponseId_	
src/000_server/050_event/052_applicants/applicants_form_mapper.gs	buildEventFormQuestionId_	
src/000_server/050_event/052_applicants/applicants_form_mapper.gs	buildEventFormCandidates_	
src/000_server/050_event/052_applicants/applicants_form_reader.gs	parseGoogleResourceId_	
src/000_server/050_event/052_applicants/applicants_form_reader.gs	resolveEventFormResponseSource_	
src/000_server/050_event/052_applicants/applicants_form_reader.gs	resolveEventFormResponseSheet_	
src/000_server/050_event/052_applicants/applicants_form_sync_service.gs	applyApplicantFormSyncData_	
src/000_server/050_event/052_applicants/applicants_query_service.gs	getApplicantListData_	
src/000_server/050_event/052_applicants/applicants_query_service.gs	getApplicantDetailData_	
src/000_server/050_event/052_applicants/applicants_service.gs	processApplicantData_	
src/000_server/050_event/052_applicants/applicants_sheet_dao.gs	listEventApplicationClientRows_	
src/000_server/050_event/052_applicants/applicants_sheet_dao.gs	findEventApplicationRowById_	
src/000_server/050_event/052_applicants/applicants_sheet_dao.gs	listEventApplicationSourceResponseIds_	
src/000_server/050_event/052_applicants/applicants_sheet_dao.gs	findEventFormByEventId_	
src/000_server/050_event/052_applicants/applicants_sheet_dao.gs	insertEventApplicationRow_	
src/000_server/050_event/052_applicants/applicants_sheet_dao.gs	insertEventExtraAnswerRow_	
src/000_server/050_event/052_applicants/applicants_sheet_dao.gs	insertEventFormRow_	
src/000_server/050_event/052_applicants/applicants_sheet_dao.gs	updateEventApplicationRowById_	
src/000_server/050_event/052_applicants/applicants_sheet_dao.gs	updateEventFormRowById_	
src/000_server/050_event/053_payment/payment_service.gs	buildEventPaymentTotalsByApplicationId_	
src/000_server/050_event/053_payment/payment_sheet_dao.gs	listEventPaymentClientRows_	
src/000_server/050_event/054_attendance/attendance_api.gs	api_getAttendanceList	
src/000_server/050_event/054_attendance/attendance_api.gs	api_applyAttendanceChanges	
src/000_server/050_event/054_attendance/attendance_query_service.gs	getAttendanceListData_	
src/000_server/050_event/054_attendance/attendance_service.gs	applyAttendanceChangesData_	
src/000_server/050_event/054_attendance/attendance_sheet_dao.gs	listEventAttendanceClientRows_	
src/000_server/050_event/054_attendance/attendance_sheet_dao.gs	findEventAttendanceRowById_	
src/000_server/050_event/054_attendance/attendance_sheet_dao.gs	findEventAttendanceRowByApplicationId_	
src/000_server/050_event/054_attendance/attendance_sheet_dao.gs	insertEventAttendanceRow_	
src/000_server/050_event/054_attendance/attendance_sheet_dao.gs	updateEventAttendanceRowById_	
src/000_server/050_event/055_refunds/refunds_api.gs	api_getEventRefundList	
src/000_server/050_event/055_refunds/refunds_query_service.gs	getEventRefundListData_	
src/000_server/050_event/055_refunds/refunds_sheet_dao.gs	listEventRefundClientRows_	
src/000_server/050_event/056_files/event_file_service.gs	uploadEventRelatedMaterial_	
src/000_server/050_event/056_files/event_file_service.gs	getEventMaterialFolder_	
src/000_server/050_event/056_files/event_file_service.gs	sanitizeEventDriveFileName_	
src/000_server/060_accounting/060_common/accounting_access.gs	accountingApiAccess_	
src/000_server/060_accounting/060_common/accounting_access.gs	resolveAccountingAccess_	
src/000_server/060_accounting/060_common/accounting_audit_sheet_dao.gs	insertAccountingAuditRow_	
src/000_server/060_accounting/060_common/accounting_audit_sheet_dao.gs	writeAccountingAudit_	
src/000_server/060_accounting/060_common/accounting_common.gs	generateAccountingId_	
src/000_server/060_accounting/060_common/accounting_common.gs	resolveAccountingSessionEmail_	
src/000_server/060_accounting/060_common/accounting_common.gs	resolveAccountingActorEmail_	
src/000_server/060_accounting/060_common/accounting_common.gs	isAccountingDateInRange_	
src/000_server/060_accounting/060_common/accounting_event_read_dao.gs	listAccountingEventRows_	
src/000_server/060_accounting/060_common/accounting_query_service.gs	getLedgerEntriesData_	
src/000_server/060_accounting/060_common/accounting_query_service.gs	mapLedgerEntryDto_	
src/000_server/060_accounting/060_common/accounting_query_service.gs	mapEvidenceDto_	
src/000_server/060_accounting/060_common/accounting_query_service.gs	filterLedgerEntries_	
src/000_server/060_accounting/060_common/accounting_query_service.gs	normalizeFilter_	
src/000_server/060_accounting/060_common/accounting_query_service.gs	groupBy_	
src/000_server/060_accounting/060_common/accounting_query_service.gs	findLedgerEntryDtoById_	
src/000_server/060_accounting/060_common/accounting_query_service.gs	getLedgerDatabaseInfoData_	
src/000_server/060_accounting/060_common/accounting_query_service.gs	getLedgerEventOptionsData_	
src/000_server/060_accounting/060_common/accounting_query_service.gs	isActiveLedgerEntry_	
src/000_server/060_accounting/060_common/accounting_query_service.gs	isSettlementEligibleLedgerEntry_	
src/000_server/060_accounting/060_common/accounting_query_service.gs	getLedgerSummaryData_	
src/000_server/060_accounting/061_ledger/ledger_api.gs	api_getLedgerDatabaseInfo	
src/000_server/060_accounting/061_ledger/ledger_api.gs	api_getLedgerList	
src/000_server/060_accounting/061_ledger/ledger_api.gs	api_getLedgerSummary	
src/000_server/060_accounting/061_ledger/ledger_api.gs	api_getLedgerDetail	
src/000_server/060_accounting/061_ledger/ledger_api.gs	api_getLedgerEventOptions	
src/000_server/060_accounting/061_ledger/ledger_api.gs	api_createLedgerEntry	
src/000_server/060_accounting/061_ledger/ledger_api.gs	api_saveLedgerDraft	
src/000_server/060_accounting/061_ledger/ledger_api.gs	api_updateLedgerEntry	
src/000_server/060_accounting/061_ledger/ledger_api.gs	api_deleteLedgerEntry	
src/000_server/060_accounting/061_ledger/ledger_api.gs	api_processLedgerEntry	
src/000_server/060_accounting/061_ledger/ledger_service.gs	normalizeLedgerTransactionType_	
src/000_server/060_accounting/061_ledger/ledger_service.gs	parseLedgerPositiveAmount_	
src/000_server/060_accounting/061_ledger/ledger_service.gs	parseLedgerInformationalBalance_	
src/000_server/060_accounting/061_ledger/ledger_service.gs	createLedgerEntryData_	
src/000_server/060_accounting/061_ledger/ledger_service.gs	createLedgerDraftData_	
src/000_server/060_accounting/061_ledger/ledger_service.gs	updateLedgerEntryData_	
src/000_server/060_accounting/061_ledger/ledger_service.gs	deleteLedgerEntryData_	
src/000_server/060_accounting/061_ledger/ledger_service.gs	processLedgerEntryData_	
src/000_server/060_accounting/061_ledger/ledger_sheet_dao.gs	listLedgerRows_	
src/000_server/060_accounting/061_ledger/ledger_sheet_dao.gs	findLedgerRowById_	
src/000_server/060_accounting/061_ledger/ledger_sheet_dao.gs	insertLedgerRow_	
src/000_server/060_accounting/061_ledger/ledger_sheet_dao.gs	updateLedgerRowById_	
src/000_server/060_accounting/062_evidence/evidence_api.gs	api_getEvidenceFileContent	
src/000_server/060_accounting/062_evidence/evidence_api.gs	api_getEvidenceAuditList	
src/000_server/060_accounting/062_evidence/evidence_file_service.gs	getEvidenceFileContent_	
src/000_server/060_accounting/062_evidence/evidence_file_service.gs	sanitizeFileName_	
src/000_server/060_accounting/062_evidence/evidence_file_service.gs	createEvidenceDriveFile_	
src/000_server/060_accounting/062_evidence/evidence_file_service.gs	getEvidenceFolder_	
src/000_server/060_accounting/062_evidence/evidence_service.gs	createEvidenceFiles_	
src/000_server/060_accounting/062_evidence/evidence_service.gs	getEvidenceAuditListData_	
src/000_server/060_accounting/062_evidence/evidence_sheet_dao.gs	listLedgerEvidenceRows_	
src/000_server/060_accounting/062_evidence/evidence_sheet_dao.gs	insertLedgerEvidenceRow_	
src/000_server/060_accounting/063_reconciliation/bank_ocr_file_service.gs	normalizeBankUploadFile_	
src/000_server/060_accounting/063_reconciliation/bank_ocr_file_service.gs	validateBankOcrFile_	
src/000_server/060_accounting/063_reconciliation/bank_ocr_file_service.gs	extractBankOcrText_	
src/000_server/060_accounting/063_reconciliation/bank_ocr_service.gs	buildBankTransactionDuplicateKey_	
src/000_server/060_accounting/063_reconciliation/bank_ocr_service.gs	applyParsedBankTransactions_	
src/000_server/060_accounting/063_reconciliation/bank_ocr_service.gs	processBankTransactionUploadData_	
src/000_server/060_accounting/063_reconciliation/bank_ocr_service.gs	getBankOcrLogsData_	
src/000_server/060_accounting/063_reconciliation/bank_ocr_sheet_dao.gs	listBankOcrLogRows_	
src/000_server/060_accounting/063_reconciliation/bank_ocr_sheet_dao.gs	insertBankOcrLogRow_	
src/000_server/060_accounting/063_reconciliation/bank_transaction_parser.gs	parseBankOcrTransactions_	
src/000_server/060_accounting/063_reconciliation/bank_transaction_parser.gs	buildBankTransactionBlocks_	
src/000_server/060_accounting/063_reconciliation/bank_transaction_parser.gs	parseBankTransactionBlock_	
src/000_server/060_accounting/063_reconciliation/bank_transaction_parser.gs	containsBankDate_	
src/000_server/060_accounting/063_reconciliation/bank_transaction_parser.gs	extractBankDate_	
src/000_server/060_accounting/063_reconciliation/bank_transaction_parser.gs	bankAmountNumber_	
src/000_server/060_accounting/063_reconciliation/bank_transaction_parser.gs	extractBankCounterparty_	
src/000_server/060_accounting/063_reconciliation/bank_transaction_parser.gs	extractBankDescription_	
src/000_server/060_accounting/063_reconciliation/bank_transaction_sheet_dao.gs	listBankTransactionRows_	
src/000_server/060_accounting/063_reconciliation/bank_transaction_sheet_dao.gs	findBankTransactionRowById_	
src/000_server/060_accounting/063_reconciliation/bank_transaction_sheet_dao.gs	insertBankTransactionRow_	
src/000_server/060_accounting/063_reconciliation/reconciliation_api.gs	api_uploadBankTransactions	
src/000_server/060_accounting/063_reconciliation/reconciliation_api.gs	api_runReconciliation	
src/000_server/060_accounting/063_reconciliation/reconciliation_api.gs	api_getReconciliationList	
src/000_server/060_accounting/063_reconciliation/reconciliation_api.gs	api_getReconciliationDetail	
src/000_server/060_accounting/063_reconciliation/reconciliation_api.gs	api_getReconciliationCandidates	
src/000_server/060_accounting/063_reconciliation/reconciliation_api.gs	api_linkReconciliation	
src/000_server/060_accounting/063_reconciliation/reconciliation_api.gs	api_createLedgerFromReconciliation	
src/000_server/060_accounting/063_reconciliation/reconciliation_api.gs	api_getBankOcrLogs	
src/000_server/060_accounting/063_reconciliation/reconciliation_query_service.gs	normalizeReconciliationText_	
src/000_server/060_accounting/063_reconciliation/reconciliation_query_service.gs	reconciliationTokens_	
src/000_server/060_accounting/063_reconciliation/reconciliation_query_service.gs	reconciliationDateDifference_	
src/000_server/060_accounting/063_reconciliation/reconciliation_query_service.gs	scoreReconciliationCandidate_	
src/000_server/060_accounting/063_reconciliation/reconciliation_query_service.gs	getReconciliationLedgerCandidates_	
src/000_server/060_accounting/063_reconciliation/reconciliation_query_service.gs	getCandidateScoresForBank_	
src/000_server/060_accounting/063_reconciliation/reconciliation_query_service.gs	buildReconciliationResults_	
src/000_server/060_accounting/063_reconciliation/reconciliation_query_service.gs	getReconciliationListData_	
src/000_server/060_accounting/063_reconciliation/reconciliation_query_service.gs	getReconciliationDetailData_	
src/000_server/060_accounting/063_reconciliation/reconciliation_query_service.gs	getReconciliationCandidatesData_	
src/000_server/060_accounting/063_reconciliation/reconciliation_service.gs	processReconciliationData_	
src/000_server/060_accounting/063_reconciliation/reconciliation_service.gs	applyReconciliationLinkData_	
src/000_server/060_accounting/063_reconciliation/reconciliation_service.gs	createLedgerFromReconciliationData_	
src/000_server/060_accounting/063_reconciliation/reconciliation_sheet_dao.gs	listReconciliationRows_	
src/000_server/060_accounting/063_reconciliation/reconciliation_sheet_dao.gs	findReconciliationRowById_	
src/000_server/060_accounting/063_reconciliation/reconciliation_sheet_dao.gs	insertReconciliationRow_	
src/000_server/060_accounting/063_reconciliation/reconciliation_sheet_dao.gs	updateReconciliationRowById_	
src/000_server/060_accounting/063_reconciliation/reconciliation_sheet_dao.gs	listReconciliationItemRows_	
src/000_server/060_accounting/063_reconciliation/reconciliation_sheet_dao.gs	findReconciliationItemRowById_	
src/000_server/060_accounting/063_reconciliation/reconciliation_sheet_dao.gs	insertReconciliationItemRow_	
src/000_server/060_accounting/063_reconciliation/reconciliation_sheet_dao.gs	updateReconciliationItemRowById_	
src/000_server/060_accounting/064_settlement/settlement_api.gs	api_getSettlementSummary	
src/000_server/060_accounting/064_settlement/settlement_api.gs	api_generateSettlementReport	
src/000_server/060_accounting/064_settlement/settlement_api.gs	api_getSettlementReportList	
src/000_server/060_accounting/064_settlement/settlement_api.gs	api_getSettlementReport	
src/000_server/060_accounting/064_settlement/settlement_api.gs	api_exportSettlementReport	
src/000_server/060_accounting/064_settlement/settlement_query_service.gs	getSettlementEligibleItems_	
src/000_server/060_accounting/064_settlement/settlement_query_service.gs	getSettlementSummaryData_	
src/000_server/060_accounting/064_settlement/settlement_query_service.gs	getSettlementReportListData_	
src/000_server/060_accounting/064_settlement/settlement_query_service.gs	getSettlementReportData_	
src/000_server/060_accounting/064_settlement/settlement_query_service.gs	exportSettlementReport_	
src/000_server/060_accounting/064_settlement/settlement_service.gs	createSettlementReportData_	
src/000_server/060_accounting/064_settlement/settlement_sheet_dao.gs	listSettlementReportRows_	
src/000_server/060_accounting/064_settlement/settlement_sheet_dao.gs	findSettlementReportRowById_	
src/000_server/060_accounting/064_settlement/settlement_sheet_dao.gs	insertSettlementReportRow_	
src/000_server/070_settings/070_common/settings_access.gs	getSettingsCurrent_	
src/000_server/070_settings/070_common/settings_access.gs	getAdminSettingsCurrent_	
src/000_server/070_settings/070_common/settings_shell_query_service.gs	loadSettingsHomeData	
src/000_server/070_settings/070_common/settings_shell_query_service.gs	buildSettingsBaseView_	
src/000_server/070_settings/071_users/settings_users_api.gs	loadSettingsUsersData	
src/000_server/070_settings/071_users/settings_users_api.gs	saveSettingsUserDepartment	
src/000_server/070_settings/071_users/settings_users_department_service.gs	updateSettingsUserDepartment_	
src/000_server/070_settings/071_users/settings_users_query_service.gs	getSettingsUsersData_	
src/000_server/070_settings/072_roles/settings_roles_api.gs	loadSettingsRolesData	
src/000_server/070_settings/072_roles/settings_roles_query_service.gs	getSettingsRolesData_	
src/000_server/070_settings/073_permissions/settings_permissions_api.gs	loadSettingsPermissionsData	
src/000_server/070_settings/073_permissions/settings_permissions_query_service.gs	getSettingsPermissionsData_	
src/000_server/070_settings/074_departments/settings_departments_api.gs	loadSettingsDepartmentsData	
src/000_server/070_settings/074_departments/settings_departments_query_service.gs	buildSettingsDepartmentChart_	
src/000_server/070_settings/074_departments/settings_departments_query_service.gs	compareSettingsDepartmentMembers_	
src/000_server/080_student_fee/080_common/student_fee_access.gs	studentFeeApiAccess_	
src/000_server/080_student_fee/080_common/student_fee_access.gs	resolveStudentFeeAccess_	
src/000_server/080_student_fee/080_common/student_fee_audit_sheet_dao.gs	insertStudentFeeAuditRow_	
src/000_server/080_student_fee/080_common/student_fee_audit_sheet_dao.gs	writeStudentFeeAudit_	
src/000_server/080_student_fee/080_common/student_fee_reference_api.gs	api_getStudentFeeReferenceData	
src/000_server/080_student_fee/080_common/student_fee_reference_query_service.gs	readFeeRateRows_	
src/000_server/080_student_fee/080_common/student_fee_reference_query_service.gs	readStudentFeeSemesterRows_	
src/000_server/080_student_fee/080_common/student_fee_reference_query_service.gs	findStudentFeeSemesterById_	
src/000_server/080_student_fee/080_common/student_fee_reference_query_service.gs	assertValidStudentFeeSemester_	
src/000_server/080_student_fee/080_common/student_fee_reference_query_service.gs	formatStudentFeeDateKey_	
src/000_server/080_student_fee/080_common/student_fee_reference_query_service.gs	getStudentFeeReferenceData_	
src/000_server/080_student_fee/080_common/student_fee_reference_query_service.gs	resolveStudentFeeRate_	
src/000_server/080_student_fee/080_common/student_fee_request.gs	parseStudentFeeRequest_	
src/000_server/080_student_fee/080_common/student_fee_request.gs	requireStudentFeeId_	
src/000_server/080_student_fee/080_common/student_fee_request.gs	requireStudentFeeText_	
src/000_server/080_student_fee/080_common/student_fee_request.gs	parseStudentFeeAmount_	
src/000_server/080_student_fee/081_payers/fee_payers_api.gs	api_getFeePayerList	
src/000_server/080_student_fee/081_payers/fee_payers_api.gs	api_getFeePayerDetail	
src/000_server/080_student_fee/081_payers/fee_payers_api.gs	api_createFeePayer	
src/000_server/080_student_fee/081_payers/fee_payers_api.gs	api_updateFeePayer	
src/000_server/080_student_fee/081_payers/fee_payers_query_service.gs	maskStudentFeeStudentId_	
src/000_server/080_student_fee/081_payers/fee_payers_query_service.gs	getFeePayerListData_	
src/000_server/080_student_fee/081_payers/fee_payers_query_service.gs	getFeePayerDetailData_	
src/000_server/080_student_fee/081_payers/fee_payers_service.gs	createFeePayerData_	
src/000_server/080_student_fee/081_payers/fee_payers_service.gs	updateFeePayerData_	
src/000_server/080_student_fee/081_payers/fee_payers_sheet_dao.gs	listFeePayerRows_	
src/000_server/080_student_fee/081_payers/fee_payers_sheet_dao.gs	findFeePayerRowById_	
src/000_server/080_student_fee/081_payers/fee_payers_sheet_dao.gs	insertFeePayerRow_	
src/000_server/080_student_fee/081_payers/fee_payers_sheet_dao.gs	updateFeePayerRowById_	
src/000_server/080_student_fee/082_payments/fee_applications_sheet_dao.gs	listFeeApplicationRows_	
src/000_server/080_student_fee/082_payments/fee_applications_sheet_dao.gs	findFeeApplicationRowById_	
src/000_server/080_student_fee/082_payments/fee_applications_sheet_dao.gs	updateFeeApplicationRowById_	
src/000_server/080_student_fee/082_payments/fee_payments_api.gs	api_getStudentFeeSummary	
src/000_server/080_student_fee/082_payments/fee_payments_api.gs	api_getFeeApplicationList	
src/000_server/080_student_fee/082_payments/fee_payments_api.gs	api_getFeeApplicationDetail	
src/000_server/080_student_fee/082_payments/fee_payments_api.gs	api_processFeeApplications	
src/000_server/080_student_fee/082_payments/fee_payments_api.gs	api_calculateFeeAmount	
src/000_server/080_student_fee/082_payments/fee_payments_api.gs	api_confirmFeePayment	
src/000_server/080_student_fee/082_payments/fee_payments_query_service.gs	maskFeeApplicationStudentId_	
src/000_server/080_student_fee/082_payments/fee_payments_query_service.gs	getFeeApplicationListData_	
src/000_server/080_student_fee/082_payments/fee_payments_query_service.gs	getFeeApplicationDetailData_	
src/000_server/080_student_fee/082_payments/fee_payments_query_service.gs	calculateFeeAmountData_	
src/000_server/080_student_fee/082_payments/fee_payments_query_service.gs	getStudentFeeSummaryData_	
src/000_server/080_student_fee/082_payments/fee_payments_service.gs	requireFeePaymentActorEmail_	
src/000_server/080_student_fee/082_payments/fee_payments_service.gs	requireFeePaymentId_	
src/000_server/080_student_fee/082_payments/fee_payments_service.gs	processFeeApplicationsData_	
src/000_server/080_student_fee/082_payments/fee_payments_service.gs	confirmFeePaymentData_	
src/000_server/080_student_fee/082_payments/fee_payments_sheet_dao.gs	listFeePaymentRows_	
src/000_server/080_student_fee/082_payments/fee_payments_sheet_dao.gs	findFeePaymentRowById_	
src/000_server/080_student_fee/082_payments/fee_payments_sheet_dao.gs	findFeePaymentRowByApplicationId_	
src/000_server/080_student_fee/082_payments/fee_payments_sheet_dao.gs	insertFeePaymentRow_	
src/000_server/080_student_fee/082_payments/fee_payments_sheet_dao.gs	updateFeePaymentRowById_	
src/000_server/080_student_fee/083_refunds/fee_refund_requests_sheet_dao.gs	listFeeRefundRequestRows_	
src/000_server/080_student_fee/083_refunds/fee_refund_requests_sheet_dao.gs	findFeeRefundRequestRowById_	
src/000_server/080_student_fee/083_refunds/fee_refund_requests_sheet_dao.gs	updateFeeRefundRequestRowById_	
src/000_server/080_student_fee/083_refunds/fee_refunds_api.gs	api_getFeeRefundRequestList	
src/000_server/080_student_fee/083_refunds/fee_refunds_api.gs	api_getFeeRefundRequestDetail	
src/000_server/080_student_fee/083_refunds/fee_refunds_api.gs	api_processFeeRefundRequests	
src/000_server/080_student_fee/083_refunds/fee_refunds_api.gs	api_calculateFeeRefund	
src/000_server/080_student_fee/083_refunds/fee_refunds_api.gs	api_confirmFeeRefund	
src/000_server/080_student_fee/083_refunds/fee_refunds_query_service.gs	maskFeeRefundStudentId_	
src/000_server/080_student_fee/083_refunds/fee_refunds_query_service.gs	maskStudentFeeAccountNumber_	
src/000_server/080_student_fee/083_refunds/fee_refunds_query_service.gs	requireFeeRefundLookupId_	
src/000_server/080_student_fee/083_refunds/fee_refunds_query_service.gs	calculateRefundableAmount_	
src/000_server/080_student_fee/083_refunds/fee_refunds_query_service.gs	calculateFeeRefundData_	
src/000_server/080_student_fee/083_refunds/fee_refunds_query_service.gs	getFeeRefundRequestListData_	
src/000_server/080_student_fee/083_refunds/fee_refunds_query_service.gs	getFeeRefundRequestDetailData_	
src/000_server/080_student_fee/083_refunds/fee_refunds_service.gs	requireFeeRefundActorEmail_	
src/000_server/080_student_fee/083_refunds/fee_refunds_service.gs	requireFeeRefundId_	
src/000_server/080_student_fee/083_refunds/fee_refunds_service.gs	processFeeRefundRequestsData_	
src/000_server/080_student_fee/083_refunds/fee_refunds_service.gs	confirmFeeRefundData_	
src/000_server/080_student_fee/083_refunds/fee_refunds_sheet_dao.gs	listFeeRefundRows_	
src/000_server/080_student_fee/083_refunds/fee_refunds_sheet_dao.gs	findFeeRefundRowById_	
src/000_server/080_student_fee/083_refunds/fee_refunds_sheet_dao.gs	findFeeRefundRowByRequestId_	
src/000_server/080_student_fee/083_refunds/fee_refunds_sheet_dao.gs	insertFeeRefundRow_	
src/000_server/080_student_fee/083_refunds/fee_refunds_sheet_dao.gs	updateFeeRefundRowById_	
